Path,Sample,FileName,Reference,Group,Outgroup,Type
./sra/,S07-0001-4,SRR9713500,bfrag,L01,1,PE
./sra/,S01-0073-12,SRR9713233,bfrag,L01,0,PE
./sra/,S01-0073-11,SRR9713234,bfrag,L01,0,PE
./sra/,S01-0072-7,SRR9713235,bfrag,L01,0,PE
./sra/,S01-0072-6,SRR9713236,bfrag,L01,0,PE
./sra/,S01-0072-5,SRR9713237,bfrag,L01,0,PE
./sra/,S01-0072-4,SRR9713238,bfrag,L01,0,PE
./sra/,S01-0073-10,SRR9713239,bfrag,L01,0,PE
./sra/,S01-0073-1,SRR9713240,bfrag,L01,0,PE
./sra/,S01-0072-9,SRR9713241,bfrag,L01,0,PE
./sra/,S01-0171-4,SRR9713254,bfrag,L01,0,PE
./sra/,S01-0171-34,SRR9713255,bfrag,L01,0,PE
./sra/,S01-0171-6,SRR9713256,bfrag,L01,0,PE
./sra/,S01-0171-5,SRR9713257,bfrag,L01,0,PE
./sra/,S01-0171-8,SRR9713258,bfrag,L01,0,PE
./sra/,S01-0171-7,SRR9713259,bfrag,L01,0,PE
./sra/,S01-0228-1,SRR9713260,bfrag,L01,0,PE
./sra/,S01-0171-9,SRR9713261,bfrag,L01,0,PE
./sra/,S01-0228-11,SRR9713262,bfrag,L01,0,PE
./sra/,S01-0228-10,SRR9713263,bfrag,L01,0,PE
./sra/,S01-0231-7,SRR9713274,bfrag,L01,0,PE
./sra/,S01-0231-8,SRR9713275,bfrag,L01,0,PE
./sra/,S01-0231-9,SRR9713276,bfrag,L01,0,PE
./sra/,S01-0259-1,SRR9713277,bfrag,L01,0,PE
./sra/,S01-0231-3,SRR9713278,bfrag,L01,0,PE
./sra/,S01-0231-4,SRR9713279,bfrag,L01,0,PE
./sra/,S01-0231-5,SRR9713280,bfrag,L01,0,PE
./sra/,S01-0231-6,SRR9713281,bfrag,L01,0,PE
./sra/,S01-0259-10,SRR9713282,bfrag,L01,0,PE
./sra/,S01-0259-11,SRR9713283,bfrag,L01,0,PE
./sra/,S01-0156-14,SRR9713306,bfrag,L01,0,PE
./sra/,S01-0259-29,SRR9713307,bfrag,L01,0,PE
./sra/,S01-0259-3,SRR9713308,bfrag,L01,0,PE
./sra/,S01-0259-27,SRR9713309,bfrag,L01,0,PE
./sra/,S01-0259-28,SRR9713310,bfrag,L01,0,PE
./sra/,S01-0259-25,SRR9713311,bfrag,L01,0,PE
./sra/,S01-0259-26,SRR9713312,bfrag,L01,0,PE
./sra/,S01-0259-23,SRR9713313,bfrag,L01,0,PE
./sra/,S01-0259-24,SRR9713314,bfrag,L01,0,PE
./sra/,S01-0259-21,SRR9713315,bfrag,L01,0,PE
./sra/,S01-0259-22,SRR9713316,bfrag,L01,0,PE
./sra/,S01-0073-9,SRR9713349,bfrag,L01,0,PE
./sra/,S01-0073-8,SRR9713350,bfrag,L01,0,PE
./sra/,S01-0155-10,SRR9713351,bfrag,L01,0,PE
./sra/,S01-0155-1,SRR9713352,bfrag,L01,0,PE
./sra/,S01-0155-12,SRR9713353,bfrag,L01,0,PE
./sra/,S01-0155-11,SRR9713354,bfrag,L01,0,PE
./sra/,S01-0155-14,SRR9713355,bfrag,L01,0,PE
./sra/,S01-0155-13,SRR9713356,bfrag,L01,0,PE
./sra/,S01-0155-2,SRR9713357,bfrag,L01,0,PE
./sra/,S01-0155-15,SRR9713358,bfrag,L01,0,PE
./sra/,S01-0171-32,SRR9713359,bfrag,L01,0,PE
./sra/,S01-0001-5,SRR9713387,bfrag,L01,0,PE
./sra/,S01-0001-6,SRR9713388,bfrag,L01,0,PE
./sra/,S01-0001-7,SRR9713389,bfrag,L01,0,PE
./sra/,S01-0001-8,SRR9713390,bfrag,L01,0,PE
./sra/,S01-0001-9,SRR9713391,bfrag,L01,0,PE
./sra/,S01-0171-33,SRR9713392,bfrag,L01,0,PE
./sra/,S01-0171-25,SRR9713399,bfrag,L01,0,PE
./sra/,S01-0171-26,SRR9713400,bfrag,L01,0,PE
./sra/,S01-0171-27,SRR9713401,bfrag,L01,0,PE
./sra/,S01-0171-28,SRR9713402,bfrag,L01,0,PE
./sra/,S01-0171-29,SRR9713403,bfrag,L01,0,PE
./sra/,S01-0171-3,SRR9713404,bfrag,L01,0,PE
./sra/,S01-0171-30,SRR9713405,bfrag,L01,0,PE
./sra/,S01-0171-31,SRR9713406,bfrag,L01,0,PE
./sra/,S01-0259-9,SRR9713420,bfrag,L01,0,PE
./sra/,S01-0259-8,SRR9713421,bfrag,L01,0,PE
./sra/,S01-0259-7,SRR9713422,bfrag,L01,0,PE
./sra/,S01-0259-6,SRR9713423,bfrag,L01,0,PE
./sra/,S01-0072-8,SRR9713424,bfrag,L01,0,PE
./sra/,S01-0002-1,SRR9713428,bfrag,L01,0,PE
./sra/,S01-0002-10,SRR9713429,bfrag,L01,0,PE
./sra/,S01-0002-11,SRR9713430,bfrag,L01,0,PE
./sra/,S01-0002-12,SRR9713431,bfrag,L01,0,PE
./sra/,S01-0002-13,SRR9713432,bfrag,L01,0,PE
./sra/,S01-0228-14,SRR9713439,bfrag,L01,0,PE
./sra/,S01-0228-15,SRR9713440,bfrag,L01,0,PE
./sra/,S01-0228-12,SRR9713441,bfrag,L01,0,PE
./sra/,S01-0228-13,SRR9713442,bfrag,L01,0,PE
./sra/,S01-0228-4,SRR9713443,bfrag,L01,0,PE
./sra/,S01-0228-5,SRR9713444,bfrag,L01,0,PE
./sra/,S01-0228-2,SRR9713445,bfrag,L01,0,PE
./sra/,S01-0228-3,SRR9713446,bfrag,L01,0,PE
./sra/,S01-0228-6,SRR9713447,bfrag,L01,0,PE
./sra/,S01-0228-7,SRR9713448,bfrag,L01,0,PE
./sra/,S01-0156-12,SRR9713449,bfrag,L01,0,PE
./sra/,S01-0259-5,SRR9713460,bfrag,L01,0,PE
./sra/,S01-0259-4,SRR9713461,bfrag,L01,0,PE
./sra/,S01-0259-30,SRR9713462,bfrag,L01,0,PE
./sra/,S01-0156-4,SRR9713465,bfrag,L01,0,PE
./sra/,S01-0156-6,SRR9713482,bfrag,L01,0,PE
./sra/,S01-0001-3,SRR9713483,bfrag,L01,0,PE
./sra/,S01-0156-5,SRR9713484,bfrag,L01,0,PE
./sra/,S01-0156-3,SRR9713486,bfrag,L01,0,PE
./sra/,S01-0156-2,SRR9713487,bfrag,L01,0,PE
./sra/,S01-0072-2,SRR9713488,bfrag,L01,0,PE
./sra/,S01-0072-3,SRR9713489,bfrag,L01,0,PE
./sra/,S01-0072-15,SRR9713490,bfrag,L01,0,PE
./sra/,S01-0072-16,SRR9713491,bfrag,L01,0,PE
./sra/,S01-0072-13,SRR9713524,bfrag,L01,0,PE
./sra/,S01-0072-14,SRR9713525,bfrag,L01,0,PE
./sra/,S01-0072-11,SRR9713526,bfrag,L01,0,PE
./sra/,S01-0072-12,SRR9713527,bfrag,L01,0,PE
./sra/,S01-0072-1,SRR9713528,bfrag,L01,0,PE
./sra/,S01-0072-10,SRR9713529,bfrag,L01,0,PE
./sra/,S01-0231-10,SRR9713543,bfrag,L01,0,PE
./sra/,S01-0231-1,SRR9713544,bfrag,L01,0,PE
./sra/,S01-0228-9,SRR9713545,bfrag,L01,0,PE
./sra/,S01-0228-8,SRR9713546,bfrag,L01,0,PE
./sra/,S01-0231-14,SRR9713547,bfrag,L01,0,PE
./sra/,S01-0231-13,SRR9713548,bfrag,L01,0,PE
./sra/,S01-0231-12,SRR9713549,bfrag,L01,0,PE
./sra/,S01-0231-11,SRR9713550,bfrag,L01,0,PE
./sra/,S01-0231-2,SRR9713551,bfrag,L01,0,PE
./sra/,S01-0231-15,SRR9713552,bfrag,L01,0,PE
./sra/,S01-0156-16,SRR9713561,bfrag,L01,0,PE
./sra/,S01-0156-15,SRR9713562,bfrag,L01,0,PE
./sra/,S01-0073-2,SRR9713565,bfrag,L01,0,PE
./sra/,S01-0073-3,SRR9713566,bfrag,L01,0,PE
./sra/,S01-0073-4,SRR9713567,bfrag,L01,0,PE
./sra/,S01-0073-5,SRR9713568,bfrag,L01,0,PE
./sra/,S01-0073-13,SRR9713569,bfrag,L01,0,PE
./sra/,S01-0073-14,SRR9713570,bfrag,L01,0,PE
./sra/,S01-0073-15,SRR9713571,bfrag,L01,0,PE
./sra/,S01-0073-16,SRR9713572,bfrag,L01,0,PE
./sra/,S01-0073-6,SRR9713573,bfrag,L01,0,PE
./sra/,S01-0073-7,SRR9713574,bfrag,L01,0,PE
./sra/,S01-0156-13,SRR9713585,bfrag,L01,0,PE
./sra/,S01-0001-13,SRR9713586,bfrag,L01,0,PE
./sra/,S01-0001-14,SRR9713587,bfrag,L01,0,PE
./sra/,S01-0001-15,SRR9713620,bfrag,L01,0,PE
./sra/,S01-0001-2,SRR9713621,bfrag,L01,0,PE
./sra/,S01-0001-1,SRR9713622,bfrag,L01,0,PE
./sra/,S01-0001-10,SRR9713623,bfrag,L01,0,PE
./sra/,S01-0001-11,SRR9713624,bfrag,L01,0,PE
./sra/,S01-0001-12,SRR9713625,bfrag,L01,0,PE
./sra/,S01-0001-4,SRR9713627,bfrag,L01,0,PE
./sra/,S01-0259-20,SRR9713644,bfrag,L01,0,PE
./sra/,S01-0259-2,SRR9713645,bfrag,L01,0,PE
./sra/,S01-0259-17,SRR9713648,bfrag,L01,0,PE
./sra/,S01-0259-16,SRR9713649,bfrag,L01,0,PE
./sra/,S01-0259-19,SRR9713650,bfrag,L01,0,PE
./sra/,S01-0259-18,SRR9713651,bfrag,L01,0,PE
./sra/,S01-0155-5,SRR9713659,bfrag,L01,0,PE
./sra/,S01-0155-6,SRR9713660,bfrag,L01,0,PE
./sra/,S01-0155-4,SRR9713662,bfrag,L01,0,PE
./sra/,S01-0155-9,SRR9713663,bfrag,L01,0,PE
./sra/,S01-0156-1,SRR9713664,bfrag,L01,0,PE
./sra/,S01-0155-7,SRR9713665,bfrag,L01,0,PE
./sra/,S01-0155-8,SRR9713666,bfrag,L01,0,PE
./sra/,S01-0156-10,SRR9713668,bfrag,L01,0,PE
./sra/,S01-0156-11,SRR9713669,bfrag,L01,0,PE
./sra/,S01-0259-13,SRR9713670,bfrag,L01,0,PE
./sra/,S01-0259-12,SRR9713685,bfrag,L01,0,PE
./sra/,S01-0259-15,SRR9713686,bfrag,L01,0,PE
./sra/,S01-0259-14,SRR9713687,bfrag,L01,0,PE
./sra/,S01-0171-22,SRR9713720,bfrag,L01,0,PE
./sra/,S01-0171-21,SRR9713721,bfrag,L01,0,PE
./sra/,S01-0171-20,SRR9713722,bfrag,L01,0,PE
./sra/,S01-0171-2,SRR9713723,bfrag,L01,0,PE
./sra/,S01-0171-19,SRR9713724,bfrag,L01,0,PE
./sra/,S01-0171-18,SRR9713725,bfrag,L01,0,PE
./sra/,S01-0171-17,SRR9713726,bfrag,L01,0,PE
./sra/,S01-0171-16,SRR9713727,bfrag,L01,0,PE
./sra/,S01-0171-24,SRR9713728,bfrag,L01,0,PE
./sra/,S01-0171-23,SRR9713729,bfrag,L01,0,PE
./sra/,S01-0156-7,SRR9713730,bfrag,L01,0,PE
./sra/,S01-0155-3,SRR9713731,bfrag,L01,0,PE
./sra/,S01-0156-8,SRR9713732,bfrag,L01,0,PE
./sra/,S01-0171-14,SRR9713733,bfrag,L01,0,PE
./sra/,S01-0171-15,SRR9713734,bfrag,L01,0,PE
./sra/,S01-0156-9,SRR9713760,bfrag,L01,0,PE
./sra/,S01-0171-1,SRR9713761,bfrag,L01,0,PE
./sra/,S01-0171-10,SRR9713762,bfrag,L01,0,PE
./sra/,S01-0171-11,SRR9713763,bfrag,L01,0,PE
./sra/,S01-0171-12,SRR9713764,bfrag,L01,0,PE
./sra/,S01-0171-13,SRR9713765,bfrag,L01,0,PE
./sra/,S01-0002-9,SRR9713766,bfrag,L01,0,PE
./sra/,S01-0002-8,SRR9713767,bfrag,L01,0,PE
./sra/,S01-0002-5,SRR9713768,bfrag,L01,0,PE
./sra/,S01-0002-4,SRR9713769,bfrag,L01,0,PE
./sra/,S01-0002-7,SRR9713770,bfrag,L01,0,PE
./sra/,S01-0002-6,SRR9713771,bfrag,L01,0,PE
./sra/,S01-0002-15,SRR9713772,bfrag,L01,0,PE
./sra/,S01-0002-14,SRR9713773,bfrag,L01,0,PE
./sra/,S01-0002-3,SRR9713774,bfrag,L01,0,PE
./sra/,S01-0002-2,SRR9713775,bfrag,L01,0,PE
